{
    "face_id": "face_2",
    "total_frames_processed": 23,
    "most_common_emotion": "happy",
    "emotion_counts": {
        "happy": 12,
        "fear": 6,
        "neutral": 3,
        "angry": 1,
        "sad": 1
    },
    "average_confidences": {
        "angry": 5.736322564751072,
        "disgust": 0.08947127563109966,
        "fear": 20.53406370296482,
        "happy": 49.505457425098356,
        "sad": 7.447643774537826,
        "surprise": 0.21667061655321232,
        "neutral": 16.470371238988037
    },
    "probabilistic_embeddings_shape": [
        23,
        7
    ],
    "embedding_example": {
        "angry": 0.0785463082138449,
        "disgust": 2.6976576350534742e-05,
        "fear": 0.034132745349779725,
        "happy": 99.81036186218262,
        "sad": 0.055930548114702106,
        "surprise": 0.0005222381332714576,
        "neutral": 0.020478035730775446
    }
}