{
    "face_id": "face_3",
    "total_frames_processed": 17,
    "most_common_emotion": "sad",
    "emotion_counts": {
        "sad": 10,
        "neutral": 3,
        "angry": 4
    },
    "average_confidences": {
        "angry": 20.287239699427893,
        "disgust": 1.8689504451327311e-29,
        "fear": 1.9988352584142315e-05,
        "happy": 9.48811898157562e-10,
        "sad": 56.768111825676165,
        "surprise": 8.020658749810313e-18,
        "neutral": 22.9446300271023
    },
    "probabilistic_embeddings_shape": [
        17,
        7
    ],
    "embedding_example": {
        "angry": 0.0020466468413360417,
        "disgust": 3.177089644057829e-28,
        "fear": 2.299597383625951e-05,
        "happy": 2.340711988384897e-11,
        "sad": 63.56858015060425,
        "surprise": 1.3635103562644208e-16,
        "neutral": 36.42934858798981
    }
}