{
    "face_id": "face_1",
    "total_frames_processed": 23,
    "most_common_emotion": "neutral",
    "emotion_counts": {
        "sad": 2,
        "happy": 6,
        "neutral": 8,
        "fear": 5,
        "angry": 2
    },
    "average_confidences": {
        "angry": 10.24590810406229,
        "disgust": 0.0029147022474086417,
        "fear": 23.59805108745565,
        "happy": 28.25021791570814,
        "sad": 10.200716377786163,
        "surprise": 0.11986490087467411,
        "neutral": 27.582326793538265
    },
    "probabilistic_embeddings_shape": [
        23,
        7
    ],
    "embedding_example": {
        "angry": 0.2964564944185025,
        "disgust": 0.0023089663021520837,
        "fear": 2.5424283692326104,
        "happy": 23.02426123329863,
        "sad": 44.60894529712852,
        "surprise": 0.005869945044300551,
        "neutral": 29.519724307093107
    }
}